,Player,Span,Mat,Inns,NO,Runs,HS,Ave,BF,SR,100,50,0,4s,6s,Unnamed: 15
0,SD Hope (WI),2019-2022,24,24,4,1185,115,59.25,1611,73.55,4,7,0,106,11,
1,PR Stirling (IRE),2020-2022,22,22,1,1009,142,48.04,1213,83.18,4,3,0,99,26,
2,V Kohli (INDIA),2019-2022,22,21,1,1007,120,50.35,1082,93.06,2,10,2,93,7,
3,KL Rahul (INDIA),2019-2022,18,18,2,881,112,55.06,906,97.24,3,6,0,63,26,
4,Aqib Ilyas (OMA),2019-2021,16,15,2,801,109*,61.61,993,80.66,2,5,0,77,8,
5,Tamim Iqbal (BAN),2019-2021,18,18,1,795,158,46.76,930,85.48,3,4,2,79,16,
6,S Dhawan (INDIA),2019-2022,18,16,1,794,98,52.93,874,90.84,0,8,0,100,6,
7,Babar Azam (PAK),2019-2021,11,11,1,772,158,77.2,723,106.77,4,2,1,81,14,
8,JN Malan (SA),2020-2022,14,13,2,759,177*,69.0,843,90.03,3,3,1,69,16,
9,A Balbirnie (IRE),2020-2022,21,21,1,720,113,36.0,943,76.35,2,5,0,74,7,
10,N Pooran (WI),2019-2022,25,23,5,711,89,39.5,712,99.85,0,6,1,65,24,
11,E Lewis (WI),2019-2021,17,17,3,706,103,50.42,838,84.24,2,5,1,68,24,
12,Q de Kock (SA),2020-2022,12,12,0,677,124,56.41,692,97.83,3,3,1,64,17,
13,AJ Finch (AUS),2020-2020,13,13,1,673,114,56.08,824,81.67,2,5,0,65,14,
14,HT Tector (IRE),2020-2022,20,20,4,670,79,41.87,909,73.7,0,7,2,49,11,
15,SS Iyer (INDIA),2019-2022,19,18,1,657,103,38.64,657,100.0,1,6,0,62,14,
16,Mushfiqur Rahim (BAN),2019-2021,14,14,3,656,125,59.63,818,80.19,1,5,0,43,4,
17,JM Bairstow (ENG),2020-2021,15,13,0,637,124,49.0,582,109.45,2,3,1,65,27,
18,WIA Fernando (SL),2019-2021,16,16,0,616,127,38.5,695,88.63,2,4,1,55,8,
19,RG Sharma (INDIA),2019-2022,13,12,0,607,159,50.58,639,94.99,2,2,0,76,13,
20,HE van der Dussen (SA),2020-2022,14,12,4,603,129*,75.37,604,99.83,2,3,0,47,11,
21,A Vala (PNG),2019-2021,16,16,0,569,104,35.56,773,73.6,1,2,1,43,11,
22,Jatinder Singh (OMA),2019-2022,22,21,0,568,107,27.04,708,80.22,2,2,0,57,16,
23,SPD Smith (AUS),2020-2020,10,9,0,568,131,63.11,533,106.56,3,2,0,55,9,
24,Liton Das (BAN),2020-2021,14,14,1,567,176,43.61,618,91.74,3,0,3,58,10,
25,Zeeshan Maqsood (OMA),2019-2022,22,21,3,528,109,29.33,715,73.84,1,3,1,44,13,
26,KJ Coetzer (SCOT),2019-2021,13,13,0,522,96,40.15,716,72.9,0,6,1,50,10,
27,MDKJ Perera (SL),2019-2021,12,12,0,515,120,42.91,567,90.82,2,1,2,55,2,
28,MD Shanaka (SL),2019-2022,18,18,2,515,102,32.18,596,86.4,1,1,1,35,15,
29,Fakhar Zaman (PAK),2019-2021,9,9,0,497,193,55.22,555,89.54,2,2,0,48,15,
30,Mahmudullah (BAN),2019-2021,18,17,3,493,76*,35.21,618,79.77,0,4,1,26,14,
31,T Bavuma (SA),2020-2022,14,13,2,491,110,44.63,589,83.36,1,2,0,36,3,
32,MD Patel (USA),2019-2021,18,18,3,486,100,32.4,673,72.21,1,3,4,32,6,
33,PWH de Silva (SL),2019-2021,20,20,3,483,80*,28.41,474,101.89,0,3,0,35,17,
34,M Labuschagne (AUS),2020-2020,13,12,0,473,108,39.41,519,91.13,1,3,1,32,0,
35,KIC Asalanka (SL),2021-2022,11,11,0,472,77,42.9,525,89.9,0,5,1,36,7,
36,DA Warner (AUS),2020-2020,12,12,1,465,128*,42.27,488,95.28,1,3,0,51,7,
37,BKG Mendis (SL),2019-2022,12,12,1,462,119,42.0,551,83.84,1,2,0,46,5,
38,Aaron Jones (USA),2019-2021,13,13,1,436,95,36.33,669,65.17,0,3,1,29,7,
39,RD Berrington (SCOT),2019-2021,13,13,1,436,97,36.33,516,84.49,0,3,1,18,19,
40,RR Pant (INDIA),2019-2022,13,12,0,432,85,36.0,365,118.35,0,4,2,36,19,
41,SC Williams (ZIM),2020-2022,11,10,1,432,118*,48.0,511,84.54,2,1,0,47,4,
42,Sikandar Raza (ZIM),2020-2022,14,13,1,430,66,35.83,419,102.62,0,5,0,37,9,
43,MD Gunathilaka (SL),2019-2021,8,8,0,418,133,52.25,446,93.72,1,2,0,53,5,
44,KA Pollard (WI),2019-2022,22,18,3,417,74*,27.8,402,103.73,0,4,3,26,25,
45,DM de Silva (SL),2019-2021,16,15,1,403,91,28.78,513,78.55,0,3,0,40,0,
46,SR Taylor (USA),2019-2021,17,17,0,402,92,23.64,468,85.89,0,3,3,43,13,
47,Sandeep Goud (OMA),2019-2022,22,17,5,400,67*,33.33,506,79.05,0,3,1,20,21,
48,AT Carey (AUS),2020-2021,16,14,1,399,106,30.69,467,85.43,1,1,1,32,5,
49,BRM Taylor (ZIM),2020-2021,12,11,0,391,112,35.54,465,84.08,1,1,0,47,7,
0,C Campher (IRE),2020-2022,13,11,1,388,68,38.8,536,72.38,0,4,0,33,2,
1,Rahmat Shah (AFG),2019-2022,9,9,1,365,103*,45.62,515,70.87,1,2,0,29,8,
2,H Klaasen (SA),2020-2021,10,10,2,362,123*,45.25,363,99.72,1,2,0,31,6,
3,Simi Singh (IRE),2020-2021,18,14,3,354,100*,32.18,439,80.63,1,1,1,31,2,
4,GJ Maxwell (AUS),2020-2020,6,6,1,353,108,70.6,243,145.26,1,3,0,20,22,
5,EJG Morgan (ENG),2020-2021,13,11,2,353,106,39.22,386,91.45,1,1,1,42,9,
6,Ayaan Khan (OMA),2021-2022,12,11,0,351,83,31.9,543,64.64,0,2,0,26,5,
7,W Madhevere (ZIM),2020-2022,14,13,0,351,56,27.0,409,85.81,0,3,0,34,3,
8,DA Miller (SA),2020-2022,14,10,5,350,69*,70.0,325,107.69,0,4,0,23,10,
9,Muhammad Usman (UAE),2019-2022,10,9,3,343,102*,57.16,419,81.86,1,2,1,29,11,
10,Mohammad Nadeem (OMA),2019-2021,17,14,6,340,69*,42.5,586,58.02,0,2,1,18,5,
11,RW Chakabva (ZIM),2020-2022,12,11,0,338,84,30.72,402,84.07,0,3,0,26,5,
12,SW Billings (ENG),2020-2021,10,8,2,336,118,56.0,359,93.59,1,2,0,39,4,
13,CS MacLeod (SCOT),2019-2021,13,13,0,336,86,25.84,546,61.53,0,2,1,31,3,
14,CG Williams (NAM),2019-2021,9,9,2,334,129*,47.71,401,83.29,1,0,0,29,7,
15,Imam-ul-Haq (PAK),2019-2021,10,10,0,331,70,33.1,419,78.99,0,4,1,27,1,
16,HH Pandya (INDIA),2020-2021,9,8,1,329,92*,47.0,272,120.95,0,3,1,24,14,
17,HG Munsey (SCOT),2019-2021,13,13,3,322,79*,32.2,429,75.05,0,2,1,24,10,
18,RL Chase (WI),2019-2022,17,14,2,320,94,26.66,428,74.76,0,1,1,28,1,
19,Chirag Suri (UAE),2019-2022,8,8,0,317,115,39.62,446,71.07,1,1,0,30,9,
20,AR McBrine (IRE),2020-2022,23,17,2,314,59,20.93,454,69.16,0,1,1,30,5,
21,JS Malhotra (USA),2019-2021,10,10,3,313,173*,44.71,320,97.81,1,0,0,14,21,
22,Rahmanullah Gurbaz (AFG),2021-2022,6,6,0,308,127,51.33,325,94.76,2,0,0,24,15,
23,MH Cross (SCOT),2019-2021,13,13,0,307,70,23.61,491,62.52,0,3,1,25,2,
24,LJ Tucker (IRE),2020-2022,21,16,0,307,83,19.18,465,66.02,0,1,1,18,5,
25,WTS Porterfield (IRE),2020-2022,12,12,0,306,75,25.5,480,63.75,0,3,3,34,2,
26,MJ Guptill (NZ),2020-2021,7,7,0,301,79,43.0,310,97.09,0,2,0,24,13,
27,RA Jadeja (INDIA),2019-2020,15,11,6,299,66*,59.8,294,101.7,0,2,0,19,8,
28,SA Edwards (NED),2021-2022,9,8,0,292,86,36.5,396,73.73,0,4,1,28,2,
29,Suraj Kumar (OMA),2019-2021,17,14,3,292,62*,26.54,350,83.42,0,2,2,17,10,
30,SO Hetmyer (WI),2019-2021,13,12,0,291,139,24.25,292,99.65,1,0,1,24,10,
31,HM Nicholls (NZ),2020-2021,7,7,1,289,80,48.16,358,80.72,0,2,0,35,0,
32,K Verreynne (SA),2020-2021,9,7,0,283,95,40.42,321,88.16,0,3,0,18,7,
33,FDM Karunaratne (SL),2019-2021,9,9,0,278,52,30.88,355,78.3,0,2,0,28,1,
34,JJ Roy (ENG),2020-2021,14,12,0,277,60,23.08,262,105.72,0,2,2,38,5,
35,Shakib Al Hasan (BAN),2021-2021,9,9,2,277,96*,39.57,394,70.3,0,2,1,22,1,
36,JP Kotze (NAM),2019-2020,7,7,0,276,136,39.42,305,90.49,1,0,0,26,10,
37,Khawar Ali (OMA),2019-2022,19,16,3,275,79*,21.15,526,52.28,0,1,0,27,3,
38,G Malla (NEPAL),2020-2021,10,10,1,275,56,30.55,421,65.32,0,3,0,22,6,
39,TWM Latham (NZ),2020-2021,7,6,2,274,110*,68.5,277,98.91,1,1,0,26,2,
40,C Karunaratne (SL),2021-2022,13,12,5,269,44*,38.42,319,84.32,0,0,0,13,5,
41,JO Holder (WI),2019-2022,21,17,4,267,57,20.53,354,75.42,0,2,1,19,7,
42,L Siaka (PNG),2019-2021,16,16,0,267,41,16.68,378,70.63,0,0,2,20,3,
43,CR Ervine (ZIM),2020-2022,9,8,0,266,91,33.25,370,71.89,0,3,1,30,1,
44,JJ Smit (NAM),2019-2021,9,9,1,265,94,33.12,324,81.79,0,2,0,11,14,
45,CJA Amini (PNG),2019-2021,14,14,0,257,53,18.35,370,69.45,0,1,0,20,0,
46,AK Markram (SA),2021-2022,11,10,1,256,96,28.44,280,91.42,0,1,0,23,9,
47,TP Ura (PNG),2019-2021,15,15,0,255,54,17.0,362,70.44,0,1,1,25,6,
48,JE Root (ENG),2020-2021,9,7,2,253,79*,50.6,332,76.2,0,2,1,16,1,
49,DM Bravo (WI),2020-2022,10,10,1,250,102,27.77,356,70.22,1,0,1,14,9,
0,Hashmatullah Shahidi (AFG),2021-2022,5,5,0,247,82,49.4,339,72.86,0,3,0,14,5,
1,Mohammad Mithun (BAN),2019-2021,13,12,2,247,73*,24.7,317,77.91,0,2,1,22,4,
2,ZE Green (NAM),2019-2021,9,9,0,244,62,27.11,322,75.77,0,1,0,27,3,
3,IG Holland (USA),2019-2020,8,8,0,244,75,30.5,319,76.48,0,2,1,21,2,
4,MR Marsh (AUS),2020-2021,10,10,0,244,73,24.4,313,77.95,0,1,0,19,4,
5,V Aravind (UAE),2019-2022,10,10,0,243,89,24.3,294,82.65,0,1,0,28,6,
6,P Nissanka (SL),2021-2022,12,12,0,232,75,19.33,316,73.41,0,2,1,29,0,
7,Naseem Khushi (OMA),2020-2022,17,13,2,227,42,20.63,196,115.81,0,0,2,13,16,
8,DP Conway (NZ),2021-2021,3,3,0,225,126,75.0,255,88.23,1,1,0,26,0,
9,CA Soper (PNG),2019-2021,14,13,5,222,46*,27.75,363,61.15,0,0,1,12,4,
10,RK Paudel (NEPAL),2020-2021,7,7,1,217,86,36.16,328,66.15,0,2,1,7,6,
11,Basil Hameed (UAE),2019-2022,9,8,1,215,63*,30.71,268,80.22,0,2,1,20,3,
12,Najibullah Zadran (AFG),2019-2022,9,8,1,215,71,30.71,241,89.21,0,2,2,21,6,
13,JM Vince (ENG),2020-2021,6,5,0,215,102,43.0,212,101.41,1,1,0,30,0,
14,NK Patel (USA),2019-2021,14,11,0,212,52,19.27,325,65.23,0,1,0,12,5,
15,CP Rizwan (UAE),2019-2022,8,7,2,212,109,42.4,321,66.04,1,1,0,16,1,
16,MG Erasmus (NAM),2019-2020,7,7,0,210,88,30.0,271,77.49,0,2,1,21,3,
17,XM Marshall (USA),2019-2020,12,12,0,210,50,17.5,348,60.34,0,1,1,19,4,
18,AD Mathews (SL),2019-2021,7,7,1,210,87,35.0,229,91.7,0,2,0,20,1,
19,LRPL Taylor (NZ),2020-2021,5,5,2,205,109*,68.33,196,104.59,1,1,0,18,6,
20,K Gore (USA),2019-2021,15,14,2,204,44,17.0,300,68.0,0,0,1,16,2,
21,LD Chandimal (SL),2021-2022,7,7,0,202,75,28.85,282,71.63,0,2,0,11,3,
22,N Vanua (PNG),2019-2021,14,14,0,199,57,14.21,291,68.38,0,1,1,7,12,
23,SA Yadav (INDIA),2021-2022,5,5,2,197,53,65.66,169,116.56,0,1,0,27,1,
24,MP O'Dowd (NED),2021-2021,6,6,1,194,82,38.8,258,75.19,0,1,0,21,1,
25,GH Dockrell (IRE),2021-2022,12,11,2,193,45,21.44,239,80.75,0,0,0,19,4,
26,Asghar Afghan (AFG),2019-2021,6,6,1,192,86,38.4,244,78.68,0,1,0,9,10,
27,B Bhandari (NEPAL),2020-2021,9,7,0,190,59,27.14,276,68.84,0,1,0,17,3,
28,Aasif Sheikh (NEPAL),2021-2021,6,6,0,189,90,31.5,261,72.41,0,1,0,20,1,
29,PP Shaw (INDIA),2020-2021,6,6,0,189,49,31.5,166,113.85,0,0,0,32,2,
30,BA Stokes (ENG),2021-2021,6,5,0,189,99,37.8,156,121.15,0,1,0,14,13,
31,AL Phehlukwayo (SA),2020-2022,19,12,0,186,54,15.5,231,80.51,0,1,1,12,8,
32,G Toka (PNG),2019-2021,13,12,0,181,29,15.08,306,59.15,0,0,1,15,1,
33,JT Smuts (SA),2020-2021,6,5,1,180,84,45.0,229,78.6,0,1,0,20,1,
34,SN Thakur (INDIA),2019-2022,13,8,4,175,50*,43.75,139,125.89,0,1,0,17,6,
35,Haris Sohail (PAK),2019-2020,3,3,0,167,71,55.66,180,92.77,0,2,0,10,3,
36,SJ Baard (NAM),2019-2021,9,9,0,166,73,18.44,290,57.24,0,1,2,16,1,
37,KH Prajapati (OMA),2021-2022,8,7,0,164,52,23.42,204,80.39,0,1,1,15,6,
38,Akshay Homraj (USA),2019-2020,8,8,0,159,44,19.87,223,71.3,0,0,0,9,4,
39,Mohammad Rizwan (PAK),2020-2021,9,9,0,159,74,17.66,199,79.89,0,1,1,16,0,
40,JN Frylinck (NAM),2019-2021,9,9,1,155,60,19.37,178,87.07,0,1,1,7,5,
41,SJ Myburgh (NED),2021-2021,6,6,1,154,74,30.8,259,59.45,0,1,0,13,3,
42,DE Budge (SCOT),2019-2021,8,7,3,153,40*,38.25,195,78.46,0,0,0,11,0,
43,JL Denly (ENG),2020-2020,3,2,0,153,87,76.5,182,84.06,0,2,0,12,5,
44,K Doriga (PNG),2019-2021,16,16,1,153,39*,10.2,318,48.11,0,0,3,10,0,
45,SSJ Brooks (WI),2022-2022,4,4,0,149,93,37.25,185,80.54,0,1,0,14,3,
46,Afif Hossain (BAN),2020-2021,7,7,2,146,45,29.2,127,114.96,0,0,0,10,3,
47,K Bhurtel (NEPAL),2021-2021,6,6,0,144,84,24.0,184,78.26,0,1,1,11,4,
48,EH Hutchinson (USA),2019-2021,11,8,2,142,49*,23.66,143,99.3,0,0,1,8,9,
49,KNA Bandara (SL),2021-2021,5,5,1,141,55*,35.25,217,64.97,0,2,0,9,1,
0,M Bhanuka (SL),2019-2021,6,6,0,140,36,23.33,194,72.16,0,0,0,13,2,
1,GJ Delany (IRE),2020-2022,12,12,4,137,22,17.12,162,84.56,0,0,1,15,2,
2,Rashid Khan (AFG),2019-2022,9,8,1,137,55,19.57,113,121.23,0,1,2,7,9,
3,KM Jadhav (INDIA),2019-2020,8,7,3,135,40,33.75,123,109.75,0,0,0,14,3,
4,Soumya Sarkar (BAN),2019-2021,9,7,0,135,69,19.28,184,73.36,0,1,1,10,2,
5,T Banton (ENG),2020-2020,6,5,0,134,58,26.80,145,92.41,0,1,0,17,2,
6,DJ Malan (ENG),2021-2021,5,5,2,134,68*,44.66,150,89.33,0,2,2,15,0,
7,KH Pandya (INDIA),2021-2021,5,4,2,130,58*,65.00,128,101.56,0,1,0,11,2,
8,NLTC Perera (SL),2019-2021,6,6,0,130,38,21.66,110,118.18,0,0,0,11,1,
9,DL Chahar (INDIA),2019-2022,5,3,2,129,69*,129.00,124,104.03,0,2,0,12,3,
10,KJ O'Brien (IRE),2020-2021,11,11,1,129,31,12.90,154,83.76,0,0,1,14,2,
11,CR Woakes (ENG),2020-2021,7,4,1,129,53*,43.00,131,98.47,0,1,0,13,0,
12,DJM Short (AUS),2020-2020,4,4,0,128,69,32.00,170,75.29,0,1,0,9,0,
13,MK Pandey (INDIA),2020-2021,6,6,1,126,42,25.20,146,86.3,0,0,0,8,1,
14,TK Curran (ENG),2020-2021,11,6,2,125,38*,31.25,155,80.64,0,0,0,11,1,
15,PVD Chameera (SL),2021-2022,16,14,3,124,29,11.27,184,67.39,0,0,1,8,3,
16,SM Curran (ENG),2020-2021,9,5,2,124,95*,41.33,135,91.85,0,1,0,11,3,
17,SW Ambris (WI),2019-2021,8,8,0,121,60,15.12,148,81.75,0,1,0,13,2,
18,Mohammad Nabi (AFG),2019-2021,6,5,1,118,50*,29.50,179,65.92,0,1,0,11,2,
19,Abid Ali (PAK),2019-2020,3,3,0,117,74,39.00,121,96.69,0,1,0,19,0,
20,L Gregory (ENG),2021-2021,3,2,0,117,77,58.50,116,100.86,0,1,0,10,3,
21,R Powell (WI),2021-2021,3,3,0,116,47,38.66,146,79.45,0,0,0,6,5,
22,CD Wallace (SCOT),2019-2019,4,4,1,116,53*,38.66,143,81.11,0,1,0,7,2,
23,Rohan Mustafa (UAE),2019-2022,10,7,1,114,59*,19.00,155,73.54,0,1,2,9,1,
24,BFW de Leede (NED),2021-2022,8,7,0,113,34,16.14,298,37.91,0,0,1,7,0,
25,S Bau (PNG),2019-2021,11,11,0,112,31,10.18,234,47.86,0,0,1,6,2,
26,GSNFG Jayasuriya (SL),2019-2019,3,3,0,112,96,37.33,122,91.8,0,1,0,8,2,
27,J Kila (PNG),2019-2021,10,10,2,112,36,14.00,194,57.73,0,0,2,9,1,
28,DJ Mitchell (NZ),2021-2021,3,2,2,112,100*,-,98,114.28,1,0,0,11,2,
29,MM Ali (ENG),2020-2021,11,7,1,111,30,18.50,156,71.15,0,0,1,8,3,
30,RR Hendricks (SA),2020-2021,6,6,1,110,51,22.00,145,75.86,0,1,0,12,0,
31,BA King (WI),2019-2022,5,5,0,110,39,22.00,170,64.7,0,0,1,13,2,
32,PHKD Mendis (SL),2021-2022,5,5,0,110,57,22.00,176,62.5,0,1,0,7,1,
33,MR Adair (IRE),2020-2022,15,11,5,109,29,18.16,123,88.61,0,0,0,4,7,
34,AS Joseph (WI),2019-2022,25,15,4,109,17,9.90,195,55.89,0,0,3,12,4,
35,RP Burl (ZIM),2021-2022,6,6,0,108,59,18.00,135,80.0,0,1,0,9,4,
36,NA Saini (INDIA),2019-2021,8,5,3,107,45,53.50,137,78.1,0,0,0,9,3,
37,Iftikhar Ahmed (PAK),2019-2020,5,5,3,106,32*,53.00,101,104.95,0,0,0,8,4,
38,D Ravu (PNG),2019-2021,10,10,4,105,38*,17.50,147,71.42,0,0,3,7,4,
39,FA Allen (WI),2019-2022,8,5,1,104,37,26.00,86,120.93,0,0,0,8,5,
40,PD Salt (ENG),2021-2021,3,3,0,104,60,34.66,89,116.85,0,1,0,18,0,
41,K Birkenstock (NAM),2019-2021,9,9,0,101,32,11.22,173,58.38,0,0,2,10,0,
42,Mohammad Saifuddin (BAN),2020-2021,9,7,6,100,28*,100.00,100,100.0,0,0,0,5,3,
43,KMA Paul (WI),2019-2020,8,4,2,99,46,49.50,86,115.11,0,0,0,11,4,
44,HR Walsh (WI),2019-2021,12,6,2,99,46*,24.75,117,84.61,0,0,0,12,1,
45,Karan KC (NEPAL),2020-2021,9,7,1,98,42,16.33,132,74.24,0,0,1,8,5,
46,Mehidy Hasan Miraz (BAN),2019-2021,17,11,0,98,43,8.90,128,76.56,0,0,3,9,2,
47,DJ Willey (ENG),2020-2021,6,2,1,98,51,98.00,88,111.36,0,1,0,8,5,
48,Z Crawley (ENG),2021-2021,3,3,1,97,58*,48.50,85,114.11,0,1,1,14,0,
49,Shadab Khan (PAK),2019-2021,7,5,0,97,33,19.40,117,82.9,0,0,1,6,2,
0,CN Ackermann (NED),2021-2022,4,3,0,96,81,32.0,117,82.05,0,1,0,10,2,
1,Mosaddek Hossain (BAN),2019-2021,7,6,0,96,51,16.0,151,63.57,0,1,0,5,1,
2,D Myers (ZIM),2021-2021,4,4,0,93,34,23.25,143,65.03,0,0,0,9,0,
3,AC Agar (AUS),2020-2021,6,5,2,92,28,30.66,107,85.98,0,0,0,8,0,
4,MS Wade (AUS),2021-2021,3,3,1,90,51*,45.0,124,72.58,0,1,0,7,2,
5,C de Grandhomme (NZ),2020-2020,4,4,1,89,58*,29.66,64,139.06,0,1,0,10,3,
6,PBB Rajapaksa (SL),2021-2021,5,5,0,89,65,17.8,85,104.7,0,1,3,14,2,
7,LV van Beek (NED),2021-2021,5,5,2,89,29,29.66,129,68.99,0,0,0,9,1,
8,Ishan Kishan (INDIA),2021-2022,3,3,0,88,59,29.33,82,107.31,0,1,0,10,3,
9,CH Gayle (WI),2019-2019,3,3,0,87,72,29.0,96,90.62,0,1,0,9,5,
10,MA Jones (SCOT),2019-2019,3,3,0,87,52,29.0,130,66.92,0,1,0,10,1,
11,T Kaitano (ZIM),2022-2022,3,3,0,87,42,29.0,101,86.13,0,0,0,11,1,
12,MA Agarwal (INDIA),2020-2020,5,5,0,86,32,17.2,83,103.61,0,0,0,12,1,
13,Ikram Alikhil (AFG),2019-2019,3,3,0,86,58,28.66,127,67.71,0,1,0,8,1,
14,Kushal Malla (NEPAL),2020-2021,8,7,0,85,50,12.14,102,83.33,0,1,1,7,5,
15,OF Smith (WI),2022-2022,3,3,1,84,46,42.0,37,227.02,0,0,0,4,9,
16,Hazratullah Zazai (AFG),2019-2019,3,3,0,82,50,27.33,110,74.54,0,1,0,9,4,
17,MA Leask (SCOT),2019-2021,7,5,1,82,51*,20.5,69,118.84,0,1,2,6,3,
18,SM Sharif (SCOT),2019-2021,10,7,5,82,26*,41.0,103,79.61,0,0,0,4,1,
19,Kaleemullah (OMA),2019-2022,19,9,6,81,20,27.0,74,109.45,0,0,0,5,5,
20,SN Netravalkar (USA),2019-2021,18,14,8,81,19*,13.5,114,71.05,0,0,1,6,2,
21,H Hiri (PNG),2019-2021,7,7,2,80,31*,16.0,129,62.01,0,0,1,4,0,
22,P Khadka (NEPAL),2020-2020,4,4,1,80,38,26.66,112,71.42,0,0,0,11,2,
23,PM Seelaar (NED),2021-2022,9,8,0,80,32,10.0,186,43.01,0,0,3,6,0,
24,R Shepherd (WI),2019-2022,10,6,0,80,50,13.33,88,90.9,0,1,0,8,1,
25,MA Starc (AUS),2020-2021,14,10,3,80,19*,11.42,101,79.2,0,0,2,6,2,
26,JN Mohammed (WI),2021-2021,8,7,1,79,17,13.16,146,54.1,0,0,0,6,0,
27,Shoaib Khan (OMA),2021-2022,4,4,0,79,68,19.75,80,98.75,0,1,1,6,3,
28,Javed Ahmadi (AFG),2019-2021,5,5,0,78,38,15.6,106,73.58,0,0,1,8,3,
29,Sabbir Rahman (BAN),2019-2019,3,3,0,78,60,26.0,92,84.78,0,1,0,9,0,
30,KA Maharaj (SA),2020-2022,14,7,2,77,19,15.4,71,108.45,0,0,0,10,0,
31,A Zampa (AUS),2020-2021,16,9,3,76,36,12.66,124,61.29,0,0,0,8,0,
32,AU Rashid (ENG),2020-2021,13,7,2,75,35*,15.0,80,93.75,0,0,1,5,2,
33,Gulbadin Naib (AFG),2019-2022,6,5,0,73,36,14.6,93,78.49,0,0,0,7,1,
34,Hasan Ali (PAK),2021-2021,4,4,1,73,32*,24.33,39,187.17,0,0,0,5,7,
35,Najmul Hossain Shanto (BAN),2020-2021,5,5,0,73,29,14.6,113,64.6,0,0,0,7,2,
36,JDS Neesham (NZ),2020-2021,7,6,0,73,30,12.16,92,79.34,0,0,0,4,2,
37,DT Tiripano (ZIM),2020-2021,5,5,2,73,55*,24.33,61,119.67,0,1,1,2,7,
38,Waheed Ahmed (UAE),2019-2021,7,6,1,73,23,14.6,129,56.58,0,0,1,8,2,
39,LS Livingstone (ENG),2021-2021,3,3,1,72,36,36.0,64,112.5,0,0,0,5,4,
40,Saqib Zulfiqar (NED),2021-2022,6,6,0,70,23,11.66,167,41.91,0,0,0,5,0,
41,SJ Modani (USA),2021-2021,5,5,0,69,24,13.8,126,54.76,0,0,0,7,0,
42,M van Lingen (NAM),2021-2021,2,2,0,68,51,34.0,67,101.49,0,1,0,3,3,
43,Ahmed Raza (UAE),2019-2022,10,5,0,67,19,13.4,100,67.0,0,0,0,3,2,
44,AJ Turner (AUS),2020-2021,6,4,0,67,49,16.75,74,90.54,0,0,0,2,2,
45,I Udana (SL),2019-2021,8,7,2,67,21,13.4,72,93.05,0,0,1,4,2,
46,S Lamichhane (NEPAL),2020-2021,10,6,1,65,28,13.0,59,110.16,0,0,2,5,3,
47,CT Mutombodzi (ZIM),2020-2020,3,3,0,65,34,21.66,74,87.83,0,0,0,9,0,
48,JR Philippe (AUS),2021-2021,3,3,0,65,39,21.66,89,73.03,0,0,0,8,2,
49,Saud Shakeel (PAK),2021-2021,3,3,1,64,56,32.0,93,68.81,0,1,0,5,0,
0,Wahab Riaz (PAK),2019-2020,4,4,1,63,52,21.00,65,96.92,0,1,0,4,3,
1,CAH Stevenson (USA),2019-2020,7,7,1,62,34*,10.33,91,68.13,0,0,1,6,1,
2,S Vesawkar (NEPAL),2020-2021,3,3,1,62,55,31.00,136,45.58,0,1,0,5,0,
3,HDRL Thirimanne (SL),2019-2019,4,3,0,61,36,20.33,86,70.93,0,0,1,5,0,
4,TS Kamunhukamwe (ZIM),2020-2021,4,4,0,57,51,14.25,89,64.04,0,1,0,6,2,
5,G Singh (USA),2021-2021,2,2,0,57,48,28.50,76,75.0,0,0,0,3,1,
6,Faheem Ashraf (PAK),2020-2021,8,7,1,56,23,9.33,65,86.15,0,0,0,5,1,
7,MP Stoinis (AUS),2020-2020,4,4,0,56,43,14.00,56,100.0,0,0,1,7,1,
8,CA Young (IRE),2020-2022,20,13,7,56,12*,9.33,72,77.77,0,0,2,4,1,
9,Zubayr Hamza (SA),2021-2021,1,1,0,56,56,56.00,79,70.88,0,1,0,5,1,
10,J Figy (UAE),2019-2020,2,2,1,55,32*,55.00,73,75.34,0,0,0,4,0,
11,AJ Hosein (WI),2021-2022,13,9,2,55,23,7.85,101,54.45,0,0,3,5,1,
12,DDP D'Silva (UAE),2019-2020,6,5,1,53,31,13.25,119,44.53,0,0,0,8,0,
13,BJ McCarthy (IRE),2020-2021,11,8,2,52,17*,8.66,84,61.9,0,0,2,4,1,
14,DS Airee (NEPAL),2020-2020,4,4,1,51,36,17.00,73,69.86,0,0,2,7,2,
15,NE Bonner (WI),2021-2021,3,3,0,51,31,17.00,95,53.68,0,0,1,3,0,
16,PJ Cummins (AUS),2020-2020,11,9,3,51,14*,8.50,59,86.44,0,0,2,2,2,
17,KR Mayers (WI),2021-2021,3,3,0,51,40,17.00,88,57.95,0,0,1,6,1,
18,K Rabada (SA),2021-2021,7,5,3,51,16,25.50,43,118.6,0,0,0,5,2,
19,WA Agar (AUS),2021-2021,2,2,0,50,41,25.00,42,119.04,0,0,0,4,2,
20,RTM Mendis (SL),2021-2022,4,4,2,50,26,25.00,50,100.0,0,0,0,3,1,
21,Riaz Hassan (AFG),2022-2022,1,1,0,50,50,50.00,75,66.66,0,1,0,3,1,
22,T van der Gugten (NED),2021-2021,4,2,0,50,49,25.00,61,81.96,0,0,0,1,4,
23,N Pokana (PNG),2019-2021,13,10,6,48,11*,12.00,104,46.15,0,0,1,3,1,
24,Zawar Farid (UAE),2020-2021,3,3,0,48,28,16.00,67,71.64,0,0,0,8,0,
25,ME Sanuth (OMA),2020-2020,3,2,0,46,40,23.00,39,117.94,0,0,0,5,1,
26,Imad Wasim (PAK),2019-2020,3,2,1,46,34*,46.00,34,135.29,0,0,0,3,2,
27,SV Samson (INDIA),2021-2021,1,1,0,46,46,46.00,46,100.0,0,0,0,5,1,
28,Sohaib Maqsood (PAK),2021-2021,3,3,0,46,19,15.33,54,85.18,0,0,0,3,3,
29,Aarif Sheikh (NEPAL),2020-2021,6,4,0,45,28,11.25,90,50.0,0,0,0,2,1,
30,Nurul Hasan (BAN),2021-2021,1,1,1,45,45*,-,39,115.38,0,0,0,6,0,
31,Shaheen Shah Afridi (PAK),2020-2021,9,7,3,45,18*,11.25,79,56.96,0,0,1,4,0,
32,Sarfaraz Ahmed (PAK),2019-2021,3,3,0,44,23,14.66,58,75.86,0,0,0,3,0,
33,BA Carse (ENG),2021-2021,3,2,1,43,31,43.00,52,82.69,0,0,0,3,0,
34,Haider Ali (PAK),2020-2020,2,2,0,42,29,21.00,33,127.27,0,0,0,4,2,
35,Sompal Kami (NEPAL),2021-2021,6,4,1,42,22*,14.00,67,62.68,0,0,0,3,1,
36,Taijul Islam (BAN),2019-2020,5,3,1,42,39*,21.00,38,110.52,0,0,1,5,1,
37,J Theron (USA),2019-2020,9,9,1,42,12,5.25,90,46.66,0,0,3,5,0,
38,Kashif Daud (UAE),2021-2022,4,3,2,41,20,41.00,40,102.5,0,0,0,3,2,
39,KS Williamson (NZ),2020-2020,2,2,0,41,22,20.50,57,71.92,0,0,0,4,0,
40,LM Jongwe (ZIM),2021-2021,6,5,1,40,18,10.00,32,125.0,0,0,1,6,0,
41,K Pierre (WI),2019-2020,3,2,0,39,21,19.50,47,82.97,0,0,0,4,1,
42,MRJ Watt (SCOT),2019-2021,13,6,3,37,15,12.33,67,55.22,0,0,0,3,0,
43,BB Chari (ZIM),2020-2020,3,3,0,36,25,12.00,67,53.73,0,0,0,4,1,
44,MC Henriques (AUS),2020-2021,5,5,1,36,22,9.00,73,49.31,0,0,0,3,0,
45,Musa Ahmed (NED),2021-2022,3,3,0,36,19,12.00,68,52.94,0,0,0,5,0,
46,R Mutumbami (ZIM),2020-2020,3,3,0,36,19,12.00,33,109.09,0,0,1,3,2,
47,R Trumpelmann (NAM),2021-2021,2,2,0,35,22,17.50,60,58.33,0,0,0,2,0,
48,Khushdil Shah (PAK),2020-2020,1,1,0,33,33,33.00,48,68.75,0,0,0,4,0,
49,PADLR Sandakan (SL),2019-2021,11,8,3,33,16*,6.60,53,62.26,0,0,3,3,0,
0,Shubman Gill (INDIA),2020-2020,1,1,0,33,33,33.00,39,84.61,0,0,0,3,1,
1,NP Kenjige (USA),2019-2021,11,7,3,32,13,8.00,56,57.14,0,0,1,1,0,
2,R Ashwin (INDIA),2022-2022,2,2,1,32,25*,32.00,37,86.48,0,0,0,1,1,
3,Fayyaz Butt (OMA),2019-2019,4,2,1,32,32*,32.00,33,96.96,0,0,1,2,0,
4,HN Ya France (NAM),2019-2021,8,7,5,32,11*,16.00,33,96.96,0,0,1,2,1,
5,TA Blundell (NZ),2020-2020,2,2,0,31,22,15.50,35,88.57,0,0,0,4,0,
6,JC Buttler (ENG),2020-2021,6,6,0,29,15,4.83,56,51.78,0,0,1,2,0,
7,CJ Chibhabha (ZIM),2020-2020,4,4,0,29,13,7.25,46,63.04,0,0,1,5,0,
8,SS Cottrell (WI),2019-2021,15,7,5,29,17,14.50,48,60.41,0,0,1,2,2,
9,BHG Gorlee (NED),2022-2022,3,3,0,29,16,9.66,55,52.72,0,0,0,3,0,
10,JP Greaves (WI),2022-2022,3,3,0,29,12,9.66,85,34.11,0,0,0,2,0,
11,CT Mumba (ZIM),2020-2020,5,5,2,29,13,9.66,48,60.41,0,0,0,1,1,
12,B Muzarabani (ZIM),2020-2022,12,9,1,29,17,3.62,53,54.71,0,0,3,2,1,
13,RA Reifer (WI),2021-2021,3,3,0,29,27,9.66,59,49.15,0,0,1,1,0,
14,MJ Santner (NZ),2020-2021,6,3,2,29,14,29.00,26,111.53,0,0,0,2,1,
15,Gulsan Jha (NEPAL),2021-2021,1,1,0,28,28,28.00,53,52.83,0,0,0,2,1,
16,BR McDermott (AUS),2021-2021,2,2,0,28,28,14.00,50,56.0,0,0,1,2,0,
17,Mohammed Shami (INDIA),2019-2020,12,6,3,28,13,9.33,36,77.77,0,0,0,2,1,
18,B Kumar (INDIA),2019-2022,10,4,1,27,19*,9.00,46,58.69,0,0,0,2,0,
19,GF Linde (SA),2021-2021,2,2,1,27,18,27.00,29,93.1,0,0,0,3,0,
20,JJ Bumrah (INDIA),2020-2022,12,6,4,26,14*,13.00,44,59.09,0,0,1,3,0,
21,JH Davey (SCOT),2019-2019,2,2,1,26,26*,26.00,27,96.29,0,0,1,1,1,
22,B Fernando (SL),2021-2021,4,3,0,26,17,8.66,36,72.22,0,0,0,4,0,
23,DJ Hooda (INDIA),2022-2022,1,1,1,26,26*,-,32,81.25,0,0,0,2,0,
24,KA Jamieson (NZ),2020-2021,5,1,1,25,25*,-,24,104.16,0,0,0,1,2,
25,SP Khakurel (NEPAL),2020-2020,3,3,0,25,22,8.33,56,44.64,0,0,1,1,0,
26,PD Macchi (OMA),2021-2021,1,1,0,25,25,25.00,32,78.12,0,0,0,2,0,
27,KY Ottley (WI),2021-2021,2,2,0,25,24,12.50,52,48.07,0,0,0,2,1,
28,SK Atai (PNG),2019-2019,1,1,0,24,24,24.00,57,42.1,0,0,0,2,0,
29,PRP Boissevain (NED),2021-2022,4,4,0,24,13,6.00,44,54.54,0,0,0,0,0,
30,VR Iyer (INDIA),2022-2022,2,2,0,24,22,12.00,40,60.0,0,0,0,0,1,
31,Mahedi Hasan (BAN),2021-2021,3,3,0,24,14,8.00,33,72.72,0,0,0,1,2,
32,JA Richardson (AUS),2020-2020,1,1,1,24,24*,-,20,120.0,0,0,0,3,0,
33,KW Richardson (AUS),2020-2020,3,2,2,24,24*,-,12,200.0,0,0,0,4,1,
34,Usman Ghani (AFG),2022-2022,2,2,0,24,24,12.00,58,41.37,0,0,1,2,0,
35,S Bhari (NEPAL),2020-2021,9,5,3,23,11,11.50,51,45.09,0,0,0,2,0,
36,JA McCollum (IRE),2020-2021,2,2,0,23,20,11.50,40,57.5,0,0,0,4,0,
37,TK Patel (USA),2019-2020,6,6,2,22,16,5.50,75,29.33,0,0,0,0,0,
38,Asif Ali (PAK),2021-2021,2,2,0,21,19,10.50,34,61.76,0,0,0,2,0,
39,Bilal Khan (OMA),2019-2022,21,9,5,21,9,5.25,28,75.0,0,0,2,1,1,
40,N Dhamba (OMA),2021-2022,5,3,1,21,11,10.50,32,65.62,0,0,1,2,0,
41,BOP Fernando (SL),2019-2021,3,3,0,21,18,7.00,41,51.21,0,0,0,0,1,
42,BD Glover (NED),2021-2022,5,4,3,21,18,21.00,35,60.0,0,0,0,2,0,
43,C Green (AUS),2020-2020,1,1,0,21,21,21.00,27,77.77,0,0,0,1,1,
44,T Marumani (ZIM),2021-2021,3,3,0,21,13,7.00,41,51.21,0,0,1,2,1,
45,Mustafizur Rahman (BAN),2019-2021,14,6,4,21,18,10.50,22,95.45,0,0,1,3,0,
46,Naveen-ul-Haq (AFG),2019-2021,5,4,3,21,10*,21.00,28,75.0,0,0,0,3,0,
47,R Ngarava (ZIM),2020-2022,11,7,4,21,10*,7.00,42,50.0,0,0,2,2,1,
48,S Mahmood (ENG),2020-2021,7,2,0,20,12,10.00,31,64.51,0,0,0,2,0,
49,KP Meiyappan (UAE),2019-2021,6,3,0,20,12,6.66,37,54.05,0,0,1,1,0,
0,D Pretorius (SA),2022-2022,1,1,0,20,20,20.00,25,80.0,0,0,0,3,0,
1,JA Simpson (ENG),2021-2021,3,2,0,20,17,10.00,31,64.51,0,0,0,2,0,
2,Taskin Ahmed (BAN),2021-2021,10,4,0,20,10,5.00,59,33.89,0,0,1,3,0,
3,Mujeeb Ur Rahman (AFG),2019-2022,9,4,3,19,18*,19.00,23,82.6,0,0,1,2,0,
4,Aamir Kaleem (OMA),2019-2022,3,2,0,18,13,9.00,24,75.0,0,0,0,2,0,
5,AV Lalcheta (OMA),2019-2019,2,2,0,18,12,9.00,47,38.29,0,0,0,1,0,
6,C Overton (ENG),2021-2021,3,2,1,18,18*,18.00,18,100.0,0,0,1,1,0,
7,Azmatullah Omarzai (AFG),2021-2022,2,2,1,17,15*,17.00,25,68.0,0,0,0,2,0,
8,DM Dupavillon (SA),2020-2021,2,1,0,17,17,17.00,10,170.0,0,0,0,2,1,
9,JR Hazlewood (AUS),2020-2021,12,6,5,17,7*,17.00,25,68.0,0,0,0,0,0,
10,Jasdeep Singh (USA),2019-2021,5,3,0,17,11,5.66,41,41.46,0,0,1,0,0,
11,Kuldeep Yadav (INDIA),2019-2021,14,1,0,17,17,17.00,15,113.33,0,0,0,2,0,
12,CR Brathwaite (WI),2019-2019,3,2,0,16,16,8.00,17,94.11,0,0,1,1,1,
13,YS Chahal (INDIA),2019-2022,11,3,1,16,10,8.00,24,66.66,0,0,0,1,0,
14,TL Chatara (ZIM),2021-2022,6,5,4,16,8*,16.00,43,37.2,0,0,0,1,0,
15,BN Cooper (NED),2021-2021,5,5,1,16,10,4.00,23,69.56,0,0,2,1,0,
16,JB Little (IRE),2020-2022,15,6,2,16,9*,4.00,27,59.25,0,0,1,2,0,
17,JN Loftie-Eaton (NAM),2021-2021,1,1,0,16,16,16.00,25,64.0,0,0,0,0,0,
18,MA Wood (ENG),2020-2021,6,2,1,16,14,16.00,28,57.14,0,0,0,1,0,
19,AM McCarthy (WI),2021-2021,2,2,0,15,12,7.50,41,36.58,0,0,0,1,0,
20,Mohammad Hasnain (PAK),2020-2021,3,2,2,15,12*,-,8,187.5,0,0,0,3,0,
21,AA Paradkar (USA),2021-2021,2,2,1,15,13*,15.00,15,100.0,0,0,0,0,1,
22,BM Scholtz (NAM),2019-2021,9,6,4,15,6,7.50,48,31.25,0,0,0,1,0,
23,M Theekshana (SL),2021-2022,4,3,3,15,10*,-,32,46.87,0,0,0,0,0,
24,Anamul Haque (BAN),2019-2019,1,1,0,14,14,14.00,24,58.33,0,0,0,2,0,
25,JC Archer (ENG),2020-2020,3,2,2,14,8*,-,12,116.66,0,0,0,1,0,
26,J Da Silva (WI),2021-2021,2,2,0,14,9,7.00,35,40.0,0,0,0,1,0,
27,WP Masakadza (ZIM),2021-2022,6,4,1,14,7*,4.66,26,53.84,0,0,1,1,0,
28,WB Rankin (IRE),2020-2020,2,2,2,14,10*,-,41,34.14,0,0,0,1,0,
29,L Sipamla (SA),2020-2021,5,2,2,14,10*,-,19,73.68,0,0,0,0,0,
30,IS Sodhi (NZ),2020-2020,2,1,1,14,14*,-,16,87.5,0,0,0,1,0,
31,A Bohara (NEPAL),2020-2020,2,2,2,13,8*,-,14,92.85,0,0,0,0,0,
32,RD Chahar (INDIA),2021-2021,1,1,0,13,13,13.00,25,52.0,0,0,0,0,0,
33,A Dutt (NED),2021-2022,3,3,1,13,8*,6.50,28,46.42,0,0,0,0,0,
34,SP Krishnamurthi (USA),2021-2021,3,3,0,13,13,4.33,24,54.16,0,0,2,0,1,
35,GT Main (SCOT),2019-2021,5,1,1,13,13*,-,11,118.18,0,0,0,0,0,
36,AK Perera (SL),2019-2019,1,1,0,13,13,13.00,25,52.0,0,0,0,0,0,
37,Sharafuddin Ashraf (AFG),2019-2022,4,2,1,13,13,13.00,16,81.25,0,0,0,1,0,
38,TS Chisoro (ZIM),2020-2020,3,2,0,12,7,6.00,16,75.0,0,0,0,1,0,
39,Danish Aziz (PAK),2021-2021,2,2,0,12,9,6.00,20,60.0,0,0,0,2,0,
40,Rubel Hossain (BAN),2019-2021,5,3,1,12,6*,6.00,40,30.0,0,0,0,1,0,
41,WA Young (NZ),2021-2021,2,2,1,12,11*,12.00,13,92.3,0,0,0,2,0,
42,FJ Klaassen (NED),2021-2022,6,4,0,11,7,2.75,25,44.0,0,0,2,0,0,
43,KV Morea (PNG),2021-2021,4,3,2,11,9*,11.00,22,50.0,0,0,0,1,0,
44,A Nortje (SA),2020-2021,8,2,1,11,10,11.00,9,122.22,0,0,0,1,0,
45,VJ Kingma (NED),2021-2022,7,4,1,10,9*,3.33,22,45.45,0,0,2,0,1,
46,WD Parnell (SA),2021-2021,1,1,0,10,10,10.00,16,62.5,0,0,0,0,0,
47,KS Airee (NEPAL),2020-2020,1,1,1,9,9*,-,6,150.0,0,0,0,1,0,
48,S Dube (INDIA),2019-2019,1,1,0,9,9,9.00,6,150.0,0,0,0,1,0,
49,Khurram Nawaz (OMA),2019-2019,2,1,0,9,9,9.00,15,60.0,0,0,0,0,0,
0,CB Mpofu (ZIM),2020-2020,1,1,1,9,9*,-,8,112.5,0,0,0,0,0,
1,Muhammad Musa (PAK),2020-2020,2,1,1,9,9*,-,3,300.0,0,0,0,2,0,
2,T Shamsi (SA),2020-2022,16,2,2,9,9*,-,19,47.36,0,0,0,0,0,
3,M Shumba (ZIM),2021-2022,2,1,0,9,9,9.00,22,40.9,0,0,0,1,0,
4,TB Sole (SCOT),2019-2019,3,3,1,9,5*,4.50,14,64.28,0,0,0,1,0,
5,A Dananjaya (SL),2019-2021,5,4,1,8,5*,2.66,7,114.28,0,0,2,1,0,
6,R Klein (NED),2022-2022,1,1,1,8,8*,-,9,88.88,0,0,0,0,0,
7,Shafiul Islam (BAN),2019-2020,4,3,1,8,5*,4.00,19,42.1,0,0,0,0,0,
8,Shoriful Islam (BAN),2021-2021,4,3,1,8,8,4.00,7,114.28,0,0,1,0,1,
9,N Dickwella (SL),2021-2021,1,1,0,7,7,7.00,9,77.77,0,0,0,0,0,
10,N Pradeep (SL),2019-2022,11,7,6,7,5*,7.00,8,87.5,0,0,0,1,0,
11,P Jayawickrama (SL),2021-2021,5,3,2,7,4,7.00,12,58.33,0,0,0,1,0,
12,PWA Mulder (SA),2021-2021,2,2,1,7,5*,7.00,11,63.63,0,0,0,0,0,
13,MW Parkinson (ENG),2020-2021,5,1,1,7,7*,-,8,87.5,0,0,0,1,0,
14,N Rana (INDIA),2021-2021,1,1,0,7,7,7.00,14,50.0,0,0,0,0,0,
15,NA Rock (IRE),2022-2022,3,2,0,7,5,3.50,23,30.43,0,0,0,0,0,
16,JDF Vandersay (SL),2022-2022,3,2,1,7,4,7.00,11,63.63,0,0,0,0,0,
17,SL Malinga (SL),2019-2019,1,1,1,6,6*,-,6,100.0,0,0,0,0,0,
18,S Samarawickrama (SL),2019-2019,1,1,0,6,6,6.00,14,42.85,0,0,0,1,0,
19,PA van Meekeren (NED),2021-2021,2,2,1,6,6,6.00,13,46.15,0,0,0,0,0,
20,Badal Singh (OMA),2020-2020,2,1,0,5,5,5.00,12,41.66,0,0,0,0,0,
21,TA Boult (NZ),2020-2021,4,1,0,5,5,5.00,4,125.0,0,0,0,1,0,
22,AC Evans (SCOT),2019-2021,8,2,0,5,4,2.50,13,38.46,0,0,0,0,0,
23,JN Hamilton (WI),2021-2021,1,1,0,5,5,5.00,16,31.25,0,0,0,0,0,
24,Junaid Siddique (UAE),2019-2022,7,4,3,5,2*,5.00,17,29.41,0,0,0,0,0,
25,Muhammad Waseem (UAE),2022-2022,2,2,0,5,5,2.50,12,41.66,0,0,1,1,0,
26,A Nao (PNG),2019-2019,1,1,1,5,5*,-,3,166.66,0,0,0,1,0,
27,Zahoor Khan (UAE),2019-2022,6,3,1,5,4,2.50,11,45.45,0,0,1,1,0,
28,SA Abbott (AUS),2020-2020,1,1,0,4,4,4.00,9,44.44,0,0,0,0,0,
29,MD du Preez (NAM),2021-2021,1,1,0,4,4,4.00,14,28.57,0,0,0,0,0,
30,Z Groenewald (NAM),2019-2019,4,2,1,4,3,4.00,19,21.05,0,0,0,0,0,
31,BE Hendricks (SA),2020-2021,4,2,0,4,3,2.00,11,36.36,0,0,0,0,0,
32,Mohammad Nawaz (3) (PAK),2019-2021,2,1,0,4,4,4.00,10,40.0,0,0,0,0,0,
33,Sufyan Mehmood (OMA),2021-2021,1,1,0,4,4,4.00,16,25.0,0,0,0,0,0,
34,K Zondo (SA),2021-2021,1,1,0,4,4,4.00,7,57.14,0,0,0,0,0,
35,Bikram Sob (NEPAL),2021-2021,4,3,1,3,2,1.50,7,42.85,0,0,0,0,0,
36,DOD Rikhi (USA),2021-2021,2,2,0,3,3,1.50,14,21.42,0,0,1,0,0,
37,TG Southee (NZ),2020-2020,3,1,0,3,3,3.00,10,30.0,0,0,0,0,0,
38,TP Visee (NED),2021-2021,1,1,0,3,3,3.00,10,30.0,0,0,0,0,0,
39,C Floyd (NED),2022-2022,1,1,0,2,2,2.00,4,50.0,0,0,0,0,0,
40,K Gowtham (INDIA),2021-2021,1,1,0,2,2,2.00,3,66.66,0,0,0,0,0,
41,Haris Rauf (PAK),2020-2021,8,4,3,2,1*,2.00,12,16.66,0,0,0,0,0,
42,R Hekure (PNG),2019-2019,1,1,0,2,2,2.00,8,25.0,0,0,0,0,0,
43,Ibrahim Zadran (AFG),2019-2019,1,1,0,2,2,2.00,9,22.22,0,0,0,0,0,
44,D Lakshan (SL),2021-2021,1,1,0,2,2,2.00,9,22.22,0,0,0,0,0,
45,M Prasidh Krishna (INDIA),2021-2022,5,2,1,2,2*,2.00,6,33.33,0,0,1,0,0,
46,C Viljoen (NAM),2019-2019,1,1,0,2,2,2.00,12,16.66,0,0,0,0,0,
47,J Yadav (INDIA),2022-2022,1,1,0,2,2,2.00,6,33.33,0,0,0,0,0,
48,MS Chapman (NZ),2020-2020,1,1,0,1,1,1.00,2,50.0,0,0,0,0,0,
49,LH Ferguson (NZ),2020-2020,1,1,0,1,1,1.00,7,14.28,0,0,0,0,0,
